[
        {
            "id": 1,
            "caption": "Tom & Jerry | Tom & Jerry in Full Screen | Classic Cartoon Compilation | WB Kids",
            "link": "https://youtu.be/t0Q2otsqC4I",
            "isVisible": true
           
        },
        {
            "id": 2,
            "caption": "Mr Bean's Favourite Ice Cream | Mr Bean | Cartoons for Kids | WildBrain Bananas",
            "link": "https://youtu.be/YeQH_cMEbrI",
            "isVisible": true
           
           
        },
        {
            "id": 3,
            "caption": "Mr Bean's Favourite Ice Cream | Mr Bean | Cartoons for Kids | WildBrain Bananas",
            "link": "https://youtu.be/YeQH_cMEbrI",
            "isVisible": true
           
           
        },
        {
            "id": 4,
            "caption": "Mr Bean's Favourite Ice Cream | Mr Bean | Cartoons for Kids | WildBrain Bananas",
            "link": "https://youtu.be/YeQH_cMEbrI",
            "isVisible": true
           
           
        },
        {
            "id": 5,
            "caption": "Mr Bean's Favourite Ice Cream | Mr Bean | Cartoons for Kids | WildBrain Bananas",
            "link": "https://youtu.be/YeQH_cMEbrI",
            "isVisible": true
           
           
        },
        {
            "id": 6,
            "caption": "Mr Bean's Favourite Ice Cream | Mr Bean | Cartoons for Kids | WildBrain Bananas",
            "link": "https://youtu.be/YeQH_cMEbrI",
            "isVisible": true
           
           
        },
        {
            "id": 7,
            "caption": "Mr Bean's Favourite Ice Cream | Mr Bean | Cartoons for Kids | WildBrain Bananas",
            "link": "https://youtu.be/YeQH_cMEbrI",
            "isVisible": true
           
           
        },
        {
            "id": 8,
            "caption": "Mr Bean's Favourite Ice Cream | Mr Bean | Cartoons for Kids | WildBrain Bananas",
            "link": "https://youtu.be/YeQH_cMEbrI",
            "isVisible": true
           
           
        },
        {
            "id": 9,
            "caption": "Mr Bean's Favourite Ice Cream | Mr Bean | Cartoons for Kids | WildBrain Bananas",
            "link": "https://youtu.be/YeQH_cMEbrI",
            "isVisible": true
           
           
        },
        {
            "id": 10,
            "caption": "Mr Bean's Favourite Ice Cream | Mr Bean | Cartoons for Kids | WildBrain Bananas",
            "link": "https://youtu.be/YeQH_cMEbrI",
            "isVisible": true
           
           
        },
        {
            "id": 11,
            "caption": "Mr Bean's Favourite Ice Cream | Mr Bean | Cartoons for Kids | WildBrain Bananas",
            "link": "https://youtu.be/YeQH_cMEbrI",
            "isVisible": true
           
           
        },
        {
            "id": 12,
            "caption": "Mr Bean's Favourite Ice Cream | Mr Bean | Cartoons for Kids | WildBrain Bananas",
            "link": "https://youtu.be/YeQH_cMEbrI",
            "isVisible": true
           
        },
           {
            "id": 13,
            "caption": "Mr Bean's Favourite Ice Cream | Mr Bean | Cartoons for Kids | WildBrain Bananas",
            "link": "https://youtu.be/YeQH_cMEbrI",
            "isVisible": true
           
           
        
        },
        {
            "id": 14,
            "caption": "Mr Bean's Favourite Ice Cream | Mr Bean | Cartoons for Kids | WildBrain Bananas",
            "link": "https://youtu.be/YeQH_cMEbrI",
            "isVisible": true
           
           
        
        },
        {
            "id": 15,
            "caption": "Mr Bean's Favourite Ice Cream | Mr Bean | Cartoons for Kids | WildBrain Bananas",
            "link": "https://youtu.be/YeQH_cMEbrI",
            "isVisible": true
           
           
        
        },
        {
            "id": 16,
            "caption": "Mr Bean's Favourite Ice Cream | Mr Bean | Cartoons for Kids | WildBrain Bananas",
            "link": "https://youtu.be/YeQH_cMEbrI",
            "isVisible": true
           
           
        
        },
        {
            "id": 17,
            "caption": "Mr Bean's Favourite Ice Cream | Mr Bean | Cartoons for Kids | WildBrain Bananas",
            "link": "https://youtu.be/YeQH_cMEbrI",
            "isVisible": true
           
           
        
        },
        {
            "id": 18,
            "caption": "Mr Bean's Favourite Ice Cream | Mr Bean | Cartoons for Kids | WildBrain Bananas",
            "link": "https://youtu.be/YeQH_cMEbrI",
            "isVisible": true
           
           
        
        }
    ]
